{
  "family": "agrotm-production",
  "networkMode": "awsvpc",
  "requiresCompatibilities": ["FARGATE"],
  "cpu": "1024",
  "memory": "2048",
  "executionRoleArn": "arn:aws:iam::119473395465:role/ecsTaskExecutionRole",
  "taskRoleArn": "arn:aws:iam::119473395465:role/ecsTaskRole",
  "containerDefinitions": [
    {
      "name": "agrotm-backend",
      "image": "agrotm/backend:latest",
      "essential": true,
      "portMappings": [
        {
          "containerPort": 3001,
          "protocol": "tcp"
        }
      ],
      "environment": [
        {
          "name": "NODE_ENV",
          "value": "production"
        },
        {
          "name": "PORT",
          "value": "3001"
        }
      ],
      "secrets": [
        {
          "name": "MONGODB_URI",
          "valueFrom": "agrotm/database-url"
        },
        {
          "name": "JWT_SECRET",
          "valueFrom": "agrotm/jwt-secret"
        }
      ],
      "logConfiguration": {
        "logDriver": "awslogs",
        "options": {
          "awslogs-group": "/ecs/agrotm-production",
          "awslogs-region": "us-east-2",
          "awslogs-stream-prefix": "ecs"
        }
      },
      "healthCheck": {
        "command": ["CMD-SHELL", "curl -f http://localhost:3001/health || exit 1"],
        "interval": 30,
        "timeout": 5,
        "retries": 3,
        "startPeriod": 60
      }
    }
  ],
  "tags": [
    {
      "key": "Environment",
      "value": "production"
    },
    {
      "key": "Project",
      "value": "agrotm"
    }
  ]
} 