{
  "ssl": {
    "enabled": true,
    "certificate": "256-bit",
    "protocols": ["TLSv1.2", "TLSv1.3"],
    "cipherSuites": [
      "TLS_AES_256_GCM_SHA384",
      "TLS_CHACHA20_POLY1305_SHA256",
      "TLS_AES_128_GCM_SHA256",
      "ECDHE-RSA-AES256-GCM-SHA384",
      "ECDHE-RSA-AES256-SHA384",
      "ECDHE-RSA-AES256-SHA256"
    ],
    "hsts": {
      "enabled": true,
      "maxAge": 31536000,
      "includeSubDomains": true,
      "preload": true
    }
  },
  "domains": {
    "primary": "agrotmsol.com.br",
    "www": "www.agrotmsol.com.br",
    "api": "api.agrotmsol.com.br"
  },
  "security": {
    "headers": {
      "Strict-Transport-Security": "max-age=31536000; includeSubDomains; preload",
      "X-Content-Type-Options": "nosniff",
      "X-Frame-Options": "DENY",
      "X-XSS-Protection": "1; mode=block",
      "Referrer-Policy": "strict-origin-when-cross-origin",
      "Permissions-Policy": "camera=(), microphone=(), geolocation=()"
    }
  }
} 