{
  "dashboard": {
    "id": null,
    "title": "AGROTM Platform Dashboard",
    "tags": ["agrotm", "defi", "blockchain"],
    "style": "dark",
    "timezone": "browser",
    "panels": [
      {
        "id": 1,
        "title": "Platform Overview",
        "type": "stat",
        "targets": [
          {
            "expr": "agrotm_total_users",
            "legendFormat": "Total Users"
          },
          {
            "expr": "agrotm_total_transactions",
            "legendFormat": "Total Transactions"
          },
          {
            "expr": "agrotm_total_staked_amount",
            "legendFormat": "Total Staked Amount"
          },
          {
            "expr": "agrotm_total_nft_minted",
            "legendFormat": "Total NFTs Minted"
          }
        ],
        "fieldConfig": {
          "defaults": {
            "color": {
              "mode": "palette-classic"
            },
            "custom": {
              "displayMode": "list"
            }
          }
        },
        "gridPos": {
          "h": 8,
          "w": 24,
          "x": 0,
          "y": 0
        }
      },
      {
        "id": 2,
        "title": "User Activity",
        "type": "graph",
        "targets": [
          {
            "expr": "rate(agrotm_user_registrations[5m])",
            "legendFormat": "User Registrations"
          },
          {
            "expr": "rate(agrotm_user_logins[5m])",
            "legendFormat": "User Logins"
          },
          {
            "expr": "rate(agrotm_wallet_connections[5m])",
            "legendFormat": "Wallet Connections"
          }
        ],
        "fieldConfig": {
          "defaults": {
            "color": {
              "mode": "palette-classic"
            },
            "custom": {
              "drawStyle": "line",
              "lineInterpolation": "linear",
              "barAlignment": 0,
              "lineWidth": 1,
              "fillOpacity": 10,
              "gradientMode": "none",
              "spanNulls": false,
              "showPoints": "never",
              "pointSize": 5,
              "stacking": {
                "mode": "none",
                "group": "A"
              },
              "axisLabel": "",
              "scaleDistribution": {
                "type": "linear"
              },
              "hideFrom": {
                "legend": false,
                "tooltip": false,
                "vis": false
              },
              "thresholds": {
                "mode": "absolute",
                "steps": [
                  {
                    "color": "green",
                    "value": null
                  },
                  {
                    "color": "red",
                    "value": 80
                  }
                ]
              }
            },
            "mappings": [],
            "unit": "short"
          }
        },
        "gridPos": {
          "h": 8,
          "w": 12,
          "x": 0,
          "y": 8
        }
      },
      {
        "id": 3,
        "title": "Transaction Volume",
        "type": "graph",
        "targets": [
          {
            "expr": "rate(agrotm_transaction_volume[5m])",
            "legendFormat": "Transaction Volume"
          },
          {
            "expr": "rate(agrotm_staking_transactions[5m])",
            "legendFormat": "Staking Transactions"
          },
          {
            "expr": "rate(agrotm_nft_transactions[5m])",
            "legendFormat": "NFT Transactions"
          }
        ],
        "fieldConfig": {
          "defaults": {
            "color": {
              "mode": "palette-classic"
            },
            "custom": {
              "drawStyle": "line",
              "lineInterpolation": "linear",
              "barAlignment": 0,
              "lineWidth": 1,
              "fillOpacity": 10,
              "gradientMode": "none",
              "spanNulls": false,
              "showPoints": "never",
              "pointSize": 5,
              "stacking": {
                "mode": "none",
                "group": "A"
              },
              "axisLabel": "",
              "scaleDistribution": {
                "type": "linear"
              },
              "hideFrom": {
                "legend": false,
                "tooltip": false,
                "vis": false
              },
              "thresholds": {
                "mode": "absolute",
                "steps": [
                  {
                    "color": "green",
                    "value": null
                  },
                  {
                    "color": "red",
                    "value": 80
                  }
                ]
              }
            },
            "mappings": [],
            "unit": "currencyUSD"
          }
        },
        "gridPos": {
          "h": 8,
          "w": 12,
          "x": 12,
          "y": 8
        }
      },
      {
        "id": 4,
        "title": "System Performance",
        "type": "graph",
        "targets": [
          {
            "expr": "rate(http_request_duration_seconds_sum[5m]) / rate(http_request_duration_seconds_count[5m])",
            "legendFormat": "Average Response Time"
          },
          {
            "expr": "rate(http_requests_total[5m])",
            "legendFormat": "Request Rate"
          },
          {
            "expr": "nodejs_heap_size_used_bytes",
            "legendFormat": "Memory Usage"
          }
        ],
        "fieldConfig": {
          "defaults": {
            "color": {
              "mode": "palette-classic"
            },
            "custom": {
              "drawStyle": "line",
              "lineInterpolation": "linear",
              "barAlignment": 0,
              "lineWidth": 1,
              "fillOpacity": 10,
              "gradientMode": "none",
              "spanNulls": false,
              "showPoints": "never",
              "pointSize": 5,
              "stacking": {
                "mode": "none",
                "group": "A"
              },
              "axisLabel": "",
              "scaleDistribution": {
                "type": "linear"
              },
              "hideFrom": {
                "legend": false,
                "tooltip": false,
                "vis": false
              },
              "thresholds": {
                "mode": "absolute",
                "steps": [
                  {
                    "color": "green",
                    "value": null
                  },
                  {
                    "color": "red",
                    "value": 80
                  }
                ]
              }
            },
            "mappings": [],
            "unit": "s"
          }
        },
        "gridPos": {
          "h": 8,
          "w": 12,
          "x": 0,
          "y": 16
        }
      },
      {
        "id": 5,
        "title": "Blockchain Metrics",
        "type": "graph",
        "targets": [
          {
            "expr": "agrotm_solana_transactions_total",
            "legendFormat": "Solana Transactions"
          },
          {
            "expr": "agrotm_ethereum_transactions_total",
            "legendFormat": "Ethereum Transactions"
          },
          {
            "expr": "agrotm_gas_fees_total",
            "legendFormat": "Gas Fees"
          }
        ],
        "fieldConfig": {
          "defaults": {
            "color": {
              "mode": "palette-classic"
            },
            "custom": {
              "drawStyle": "line",
              "lineInterpolation": "linear",
              "barAlignment": 0,
              "lineWidth": 1,
              "fillOpacity": 10,
              "gradientMode": "none",
              "spanNulls": false,
              "showPoints": "never",
              "pointSize": 5,
              "stacking": {
                "mode": "none",
                "group": "A"
              },
              "axisLabel": "",
              "scaleDistribution": {
                "type": "linear"
              },
              "hideFrom": {
                "legend": false,
                "tooltip": false,
                "vis": false
              },
              "thresholds": {
                "mode": "absolute",
                "steps": [
                  {
                    "color": "green",
                    "value": null
                  },
                  {
                    "color": "red",
                    "value": 80
                  }
                ]
              }
            },
            "mappings": [],
            "unit": "short"
          }
        },
        "gridPos": {
          "h": 8,
          "w": 12,
          "x": 12,
          "y": 16
        }
      },
      {
        "id": 6,
        "title": "Error Rate",
        "type": "graph",
        "targets": [
          {
            "expr": "rate(http_requests_total{status=~\"5..\"}[5m])",
            "legendFormat": "5xx Errors"
          },
          {
            "expr": "rate(http_requests_total{status=~\"4..\"}[5m])",
            "legendFormat": "4xx Errors"
          },
          {
            "expr": "agrotm_blockchain_errors_total",
            "legendFormat": "Blockchain Errors"
          }
        ],
        "fieldConfig": {
          "defaults": {
            "color": {
              "mode": "palette-classic"
            },
            "custom": {
              "drawStyle": "line",
              "lineInterpolation": "linear",
              "barAlignment": 0,
              "lineWidth": 1,
              "fillOpacity": 10,
              "gradientMode": "none",
              "spanNulls": false,
              "showPoints": "never",
              "pointSize": 5,
              "stacking": {
                "mode": "none",
                "group": "A"
              },
              "axisLabel": "",
              "scaleDistribution": {
                "type": "linear"
              },
              "hideFrom": {
                "legend": false,
                "tooltip": false,
                "vis": false
              },
              "thresholds": {
                "mode": "absolute",
                "steps": [
                  {
                    "color": "green",
                    "value": null
                  },
                  {
                    "color": "red",
                    "value": 80
                  }
                ]
              }
            },
            "mappings": [],
            "unit": "reqps"
          }
        },
        "gridPos": {
          "h": 8,
          "w": 12,
          "x": 0,
          "y": 24
        }
      },
      {
        "id": 7,
        "title": "Database Performance",
        "type": "graph",
        "targets": [
          {
            "expr": "pg_stat_database_xact_commit",
            "legendFormat": "Database Commits"
          },
          {
            "expr": "pg_stat_database_xact_rollback",
            "legendFormat": "Database Rollbacks"
          },
          {
            "expr": "pg_stat_database_blk_read_time",
            "legendFormat": "Block Read Time"
          }
        ],
        "fieldConfig": {
          "defaults": {
            "color": {
              "mode": "palette-classic"
            },
            "custom": {
              "drawStyle": "line",
              "lineInterpolation": "linear",
              "barAlignment": 0,
              "lineWidth": 1,
              "fillOpacity": 10,
              "gradientMode": "none",
              "spanNulls": false,
              "showPoints": "never",
              "pointSize": 5,
              "stacking": {
                "mode": "none",
                "group": "A"
              },
              "axisLabel": "",
              "scaleDistribution": {
                "type": "linear"
              },
              "hideFrom": {
                "legend": false,
                "tooltip": false,
                "vis": false
              },
              "thresholds": {
                "mode": "absolute",
                "steps": [
                  {
                    "color": "green",
                    "value": null
                  },
                  {
                    "color": "red",
                    "value": 80
                  }
                ]
              }
            },
            "mappings": [],
            "unit": "short"
          }
        },
        "gridPos": {
          "h": 8,
          "w": 12,
          "x": 12,
          "y": 24
        }
      },
      {
        "id": 8,
        "title": "Cache Hit Rate",
        "type": "graph",
        "targets": [
          {
            "expr": "redis_keyspace_hits_total",
            "legendFormat": "Cache Hits"
          },
          {
            "expr": "redis_keyspace_misses_total",
            "legendFormat": "Cache Misses"
          },
          {
            "expr": "rate(redis_keyspace_hits_total[5m]) / (rate(redis_keyspace_hits_total[5m]) + rate(redis_keyspace_misses_total[5m]))",
            "legendFormat": "Hit Rate"
          }
        ],
        "fieldConfig": {
          "defaults": {
            "color": {
              "mode": "palette-classic"
            },
            "custom": {
              "drawStyle": "line",
              "lineInterpolation": "linear",
              "barAlignment": 0,
              "lineWidth": 1,
              "fillOpacity": 10,
              "gradientMode": "none",
              "spanNulls": false,
              "showPoints": "never",
              "pointSize": 5,
              "stacking": {
                "mode": "none",
                "group": "A"
              },
              "axisLabel": "",
              "scaleDistribution": {
                "type": "linear"
              },
              "hideFrom": {
                "legend": false,
                "tooltip": false,
                "vis": false
              },
              "thresholds": {
                "mode": "absolute",
                "steps": [
                  {
                    "color": "green",
                    "value": null
                  },
                  {
                    "color": "red",
                    "value": 80
                  }
                ]
              }
            },
            "mappings": [],
            "unit": "percent"
          }
        },
        "gridPos": {
          "h": 8,
          "w": 12,
          "x": 0,
          "y": 32
        }
      },
      {
        "id": 9,
        "title": "Network Traffic",
        "type": "graph",
        "targets": [
          {
            "expr": "rate(nginx_http_requests_total[5m])",
            "legendFormat": "HTTP Requests"
          },
          {
            "expr": "rate(nginx_http_request_duration_seconds_sum[5m]) / rate(nginx_http_request_duration_seconds_count[5m])",
            "legendFormat": "Average Response Time"
          },
          {
            "expr": "nginx_http_requests_total",
            "legendFormat": "Total Requests"
          }
        ],
        "fieldConfig": {
          "defaults": {
            "color": {
              "mode": "palette-classic"
            },
            "custom": {
              "drawStyle": "line",
              "lineInterpolation": "linear",
              "barAlignment": 0,
              "lineWidth": 1,
              "fillOpacity": 10,
              "gradientMode": "none",
              "spanNulls": false,
              "showPoints": "never",
              "pointSize": 5,
              "stacking": {
                "mode": "none",
                "group": "A"
              },
              "axisLabel": "",
              "scaleDistribution": {
                "type": "linear"
              },
              "hideFrom": {
                "legend": false,
                "tooltip": false,
                "vis": false
              },
              "thresholds": {
                "mode": "absolute",
                "steps": [
                  {
                    "color": "green",
                    "value": null
                  },
                  {
                    "color": "red",
                    "value": 80
                  }
                ]
              }
            },
            "mappings": [],
            "unit": "reqps"
          }
        },
        "gridPos": {
          "h": 8,
          "w": 12,
          "x": 12,
          "y": 32
        }
      }
    ],
    "time": {
      "from": "now-6h",
      "to": "now"
    },
    "timepicker": {
      "refresh_intervals": [
        "5s",
        "10s",
        "30s",
        "1m",
        "5m",
        "15m",
        "30m",
        "1h",
        "2h",
        "1d"
      ]
    },
    "templating": {
      "list": [
        {
          "name": "environment",
          "type": "query",
          "query": "production,staging,development",
          "current": {
            "value": "production",
            "text": "production"
          }
        }
      ]
    },
    "annotations": {
      "list": [
        {
          "name": "Deployments",
          "datasource": "Prometheus",
          "expr": "changes(agrotm_deployment_version[1m]) > 0",
          "iconColor": "rgba(0, 211, 255, 1)",
          "lineColor": "rgba(0, 211, 255, 0.5)",
          "fillColor": "rgba(0, 211, 255, 0.1)"
        }
      ]
    },
    "refresh": "30s",
    "schemaVersion": 27,
    "version": 1,
    "links": [],
    "gnetId": null,
    "graphTooltip": 0
  }
} 