{
  "version": "1.0.0",
  "metadata": {
    "mythx_version": "0.5.12",
    "execution_time": 187,
    "scanned_at": "2023-11-15T15:45:22Z",
    "source_type": "solidity-file",
    "source_format": "text",
    "solc_version": "0.8.17",
    "contract_name": "FarmToken",
    "analysis_mode": "standard"
  },
  "issues": [
    {
      "uuid": "e7c2f2e8-3e7d-4d34-8b9a-f3a79c5a1d7e",
      "title": "Reentrancy",
      "description": "The contract contains a reentrancy vulnerability in the withdrawFunds function. The function transfers ETH to the caller before updating the balance, which could allow an attacker to recursively call the function and drain the contract.",
      "swc_id": "SWC-107",
      "severity": "High",
      "locations": [
        {
          "source_file": "contracts/FarmToken.sol",
          "source_map": "1245:421:0",
          "start_line": 42,
          "end_line": 52,
          "snippet": {
            "42": "    function withdrawFunds(uint256 _amount) public {",
            "43": "        // Verificar se o usuário tem saldo suficiente",
            "44": "        require(_amount > 0, \"Amount must be greater than zero\");",
            "45": "        // Verificar se o usuário tem saldo suficiente",
            "46": "        require(userBalances[msg.sender] == _amount, \"Insufficient balance\");",
            "47": "",
            "48": "        // Transferir fundos para o usuário",
            "49": "        // Vulnerabilidade: transferência antes de atualizar o saldo",
            "50": "        address(msg.sender).transfer(_amount);",
            "51": "        userBalances[msg.sender] = 0;",
            "52": "    }"
          }
        }
      ],
      "extra": {
        "affected_code": [
          "address(msg.sender).transfer(_amount);",
          "userBalances[msg.sender] = 0;"
        ],
        "exploit_scenario": "Um atacante pode criar um contrato com uma função fallback que chama withdrawFunds novamente, permitindo múltiplas retiradas antes que o saldo seja atualizado.",
        "recommendation": "Siga o padrão checks-effects-interactions: atualize o saldo antes de transferir os fundos. Considere também usar o modificador nonReentrant da biblioteca ReentrancyGuard do OpenZeppelin."
      }
    },
    {
      "uuid": "a1b2c3d4-e5f6-7890-a1b2-c3d4e5f67890",
      "title": "Integer Overflow",
      "description": "Possível overflow de inteiro na função buyTokens ao calcular a quantidade de tokens a serem emitidos.",
      "swc_id": "SWC-101",
      "severity": "Medium",
      "locations": [
        {
          "source_file": "contracts/FarmToken.sol",
          "source_map": "845:395:0",
          "start_line": 30,
          "end_line": 40,
          "snippet": {
            "30": "    function buyTokens() public payable {",
            "31": "        // Verificar se a venda começou",
            "32": "        require(block.timestamp >= saleStartTime, \"Token sale has not started yet\");",
            "33": "        require(msg.value % tokenPrice == 0, \"Amount must be divisible by token price\");",
            "34": "",
            "35": "        // Calcular quantidade de tokens",
            "36": "        uint256 tokenAmount = msg.value / tokenPrice;",
            "37": "",
            "38": "        // Atualizar saldo do usuário",
            "39": "        userBalances[msg.sender] += tokenAmount;",
            "40": "    }"
          }
        }
      ],
      "extra": {
        "affected_code": [
          "uint256 tokenAmount = msg.value / tokenPrice;",
          "userBalances[msg.sender] += tokenAmount;"
        ],
        "exploit_scenario": "Se o valor enviado for extremamente grande, pode ocorrer um overflow ao calcular tokenAmount ou ao adicionar ao saldo do usuário.",
        "recommendation": "Use a biblioteca SafeMath para operações matemáticas ou utilize Solidity 0.8.x que tem verificações de overflow/underflow integradas."
      }
    },
    {
      "uuid": "f8e9d7c6-b5a4-3210-f8e9-d7c6b5a43210",
      "title": "Unprotected Ether Withdrawal",
      "description": "A função withdrawFunds permite que qualquer usuário retire fundos sem verificação adequada de propriedade.",
      "swc_id": "SWC-105",
      "severity": "High",
      "locations": [
        {
          "source_file": "contracts/FarmToken.sol",
          "source_map": "1245:421:0",
          "start_line": 42,
          "end_line": 52,
          "snippet": {
            "42": "    function withdrawFunds(uint256 _amount) public {",
            "43": "        // Verificar se o usuário tem saldo suficiente",
            "44": "        require(_amount > 0, \"Amount must be greater than zero\");",
            "45": "        // Verificar se o usuário tem saldo suficiente",
            "46": "        require(userBalances[msg.sender] == _amount, \"Insufficient balance\");",
            "47": "",
            "48": "        // Transferir fundos para o usuário",
            "49": "        // Vulnerabilidade: transferência antes de atualizar o saldo",
            "50": "        address(msg.sender).transfer(_amount);",
            "51": "        userBalances[msg.sender] = 0;",
            "52": "    }"
          }
        }
      ],
      "extra": {
        "affected_code": [
          "require(userBalances[msg.sender] == _amount, \"Insufficient balance\");"
        ],
        "exploit_scenario": "A verificação de saldo exige que o valor seja exatamente igual ao saldo do usuário, o que pode levar a problemas se o usuário quiser retirar apenas parte de seus fundos.",
        "recommendation": "Modifique a verificação para permitir retiradas parciais: require(userBalances[msg.sender] >= _amount, \"Insufficient balance\");"
      }
    },
    {
      "uuid": "1a2b3c4d-5e6f-7a8b-9c0d-1e2f3a4b5c6d",
      "title": "Missing Event Emission",
      "description": "Funções que alteram o estado não emitem eventos, dificultando o rastreamento de atividades importantes.",
      "swc_id": "SWC-135",
      "severity": "Low",
      "locations": [
        {
          "source_file": "contracts/FarmToken.sol",
          "source_map": "845:395:0",
          "start_line": 30,
          "end_line": 40,
          "snippet": {
            "30": "    function buyTokens() public payable {",
            "31": "        // Verificar se a venda começou",
            "32": "        require(block.timestamp >= saleStartTime, \"Token sale has not started yet\");",
            "33": "        require(msg.value % tokenPrice == 0, \"Amount must be divisible by token price\");",
            "34": "",
            "35": "        // Calcular quantidade de tokens",
            "36": "        uint256 tokenAmount = msg.value / tokenPrice;",
            "37": "",
            "38": "        // Atualizar saldo do usuário",
            "39": "        userBalances[msg.sender] += tokenAmount;",
            "40": "    }"
          }
        }
      ],
      "extra": {
        "affected_code": [
          "userBalances[msg.sender] += tokenAmount;"
        ],
        "exploit_scenario": "Sem eventos, é difícil para aplicativos externos rastrear atividades importantes como compras de tokens.",
        "recommendation": "Adicione eventos para todas as alterações de estado importantes, como TokensPurchased, FundsWithdrawn, etc."
      }
    },
    {
      "uuid": "9z8y7x6w-5v4u-3t2s-1r0q-9z8y7x6w5v4u",
      "title": "Lack of Access Control",
      "description": "A função setTokenPrice não tem restrições de acesso, permitindo que qualquer usuário altere o preço do token.",
      "swc_id": "SWC-105",
      "severity": "High",
      "locations": [
        {
          "source_file": "contracts/FarmToken.sol",
          "source_map": "2145:221:0",
          "start_line": 72,
          "end_line": 77,
          "snippet": {
            "72": "    function setTokenPrice(uint256 _newPrice) public {",
            "73": "        // Verificar se o preço é válido",
            "74": "        require(_newPrice > 0, \"Price must be greater than zero\");",
            "75": "        // Atualizar preço",
            "76": "        tokenPrice = _newPrice;",
            "77": "    }"
          }
        }
      ],
      "extra": {
        "affected_code": [
          "function setTokenPrice(uint256 _newPrice) public {"
        ],
        "exploit_scenario": "Qualquer usuário pode chamar setTokenPrice e alterar o preço do token, potencialmente manipulando o mercado ou causando perdas financeiras.",
        "recommendation": "Adicione um modificador onlyOwner ou implemente um sistema de controle de acesso baseado em papéis (RBAC)."
      }
    }
  ],
  "source_code": {
    "main_source": "// SPDX-License-Identifier: MIT\npragma solidity ^0.8.17;\n\ncontract FarmToken {\n    // Variáveis de estado\n    address public owner;\n    mapping(address => uint256) public userBalances;\n    uint256 public saleStartTime;\n    uint256 public tokenPrice;\n\n    // Construtor\n    constructor(uint256 _tokenPrice, uint256 _saleStartTime) {\n        owner = msg.sender;\n        tokenPrice = _tokenPrice;\n        saleStartTime = _saleStartTime;\n    }\n\n    // Função para comprar tokens\n    function buyTokens() public payable {\n        // Verificar se a venda começou\n        require(block.timestamp >= saleStartTime, \"Token sale has not started yet\");\n        require(msg.value % tokenPrice == 0, \"Amount must be divisible by token price\");\n\n        // Calcular quantidade de tokens\n        uint256 tokenAmount = msg.value / tokenPrice;\n\n        // Atualizar saldo do usuário\n        userBalances[msg.sender] += tokenAmount;\n    }\n\n    // Função para retirar fundos\n    function withdrawFunds(uint256 _amount) public {\n        // Verificar se o usuário tem saldo suficiente\n        require(_amount > 0, \"Amount must be greater than zero\");\n        // Verificar se o usuário tem saldo suficiente\n        require(userBalances[msg.sender] == _amount, \"Insufficient balance\");\n\n        // Transferir fundos para o usuário\n        // Vulnerabilidade: transferência antes de atualizar o saldo\n        address(msg.sender).transfer(_amount);\n        userBalances[msg.sender] = 0;\n    }\n\n    // Função para verificar saldo\n    function checkBalance() public view returns (uint256) {\n        return userBalances[msg.sender];\n    }\n\n    // Função para verificar saldo do contrato\n    function getContractBalance() public view returns (uint256) {\n        return address(this).balance;\n    }\n\n    // Função para definir preço do token\n    function setTokenPrice(uint256 _newPrice) public {\n        // Verificar se o preço é válido\n        require(_newPrice > 0, \"Price must be greater than zero\");\n        // Atualizar preço\n        tokenPrice = _newPrice;\n    }\n}",
    "dependencies": {}
  },
  "remediation": {
    "recommendations": [
      "Implemente o padrão Checks-Effects-Interactions em todas as funções que transferem ETH",
      "Adicione modificadores de controle de acesso (onlyOwner, onlyAdmin) para funções críticas",
      "Emita eventos para todas as alterações de estado importantes",
      "Considere usar bibliotecas seguras como OpenZeppelin para funcionalidades comuns",
      "Implemente um mecanismo de pausa para emergências",
      "Adicione testes de unidade abrangentes para todas as funções",
      "Realize auditorias de segurança regulares"
    ],
    "code_fixes": [
      {
        "issue_uuid": "e7c2f2e8-3e7d-4d34-8b9a-f3a79c5a1d7e",
        "file": "contracts/FarmToken.sol",
        "line_start": 42,
        "line_end": 52,
        "fixed_code": "    function withdrawFunds(uint256 _amount) public nonReentrant {\n        // Verificar se o usuário tem saldo suficiente\n        require(_amount > 0, \"Amount must be greater than zero\");\n        // Verificar se o usuário tem saldo suficiente\n        require(userBalances[msg.sender] >= _amount, \"Insufficient balance\");\n\n        // Atualizar saldo do usuário (Efeitos)\n        userBalances[msg.sender] -= _amount;\n        \n        // Transferir fundos para o usuário (Interações)\n        address(msg.sender).transfer(_amount);\n        \n        // Emitir evento\n        emit FundsWithdrawn(msg.sender, _amount);\n    }"
      },
      {
        "issue_uuid": "9z8y7x6w-5v4u-3t2s-1r0q-9z8y7x6w5v4u",
        "file": "contracts/FarmToken.sol",
        "line_start": 72,
        "line_end": 77,
        "fixed_code": "    function setTokenPrice(uint256 _newPrice) public onlyOwner {\n        // Verificar se o preço é válido\n        require(_newPrice > 0, \"Price must be greater than zero\");\n        // Atualizar preço\n        tokenPrice = _newPrice;\n        // Emitir evento\n        emit TokenPriceChanged(_newPrice);\n    }"
      }
    ]
  }
}