{
  "olá": "Olá, seja bem-vindo(a) à AGROTM! 🌱",
  "oi": "Oi! Como posso te ajudar hoje?",
  "bom dia": "Bom dia! Seja bem-vindo(a) à AGROTM! 🌱",
  "boa tarde": "Boa tarde! Como posso te ajudar hoje?",
  "boa noite": "Boa noite! Seja bem-vindo(a) à AGROTM! 🌱",
  "ajuda": "Como posso te ajudar hoje?",
  "serviços": "Gostaria de saber mais sobre nossos serviços?",
  "suporte": "Precisa de suporte técnico?",
  "atendente": "Deseja falar com um atendente humano?",
  "dashboard": "Quer conhecer nosso dashboard de investimentos?",
  "staking": "Posso te explicar como funciona o staking?",
  "planos": "Deseja ver nossos planos de assinatura?",
  "plataforma": "Gostaria de mais detalhes sobre a plataforma?",
  "novidades": "Quer ver as novidades do setor agro?",
  "conta": "Posso te ajudar a acessar sua conta?",
  "senha": "Deseja recuperar a senha?",
  "cadastro": "Quer saber como criar sua conta AGROTM?",
  "nft": "Precisa de informações sobre NFT's agrícolas?",
  "tutorial": "Gostaria de receber um tutorial em vídeo?",
  "tecnologia": "Deseja entender como funciona a tecnologia da AGROTM?",
  "comercial": "Quer falar com nosso time comercial?",
  "email": "Posso te passar o e-mail de contato?",
  "parceiros": "Quer conhecer nossos parceiros?",
  "material": "Gostaria de receber nosso material institucional?",
  "termos": "Quer visualizar nossos termos de uso?",
  "privacidade": "Gostaria de ver a política de privacidade?",
  "mercado": "Quer aprender mais sobre o mercado agro?",
  "portfólio": "Posso te mostrar nosso portfólio de soluções?",
  "simular": "Deseja simular um investimento?",
  "cotação": "Quer ver a cotação dos ativos agrícolas?",
  "roadmap": "Posso te mostrar nosso roadmap de projetos?",
  "segurança": "Gostaria de mais detalhes sobre segurança de dados?",
  "carteira": "Precisa de ajuda para conectar sua carteira digital?",
  "blockchain": "Quer falar com um especialista em blockchain agro?",
  "mintagem": "Deseja suporte para mintagem de NFT?",
  "recompensas": "Quer aprender sobre staking e recompensas?",
  "autenticação": "Precisa de ajuda com autenticação no sistema?",
  "resultados": "Gostaria de ver os resultados do último trimestre?",
  "notícias": "Quer receber notícias do setor agro via e-mail?",
  "perfil": "Posso te ajudar a configurar seu perfil?",
  "foto": "Gostaria de alterar sua foto de perfil?",
  "relatórios": "Quer ver nossos relatórios de transparência?",
  "tutorial rápido": "Posso te enviar um link de tutorial rápido?",
  "tokens": "Deseja aprender sobre tokens agrícolas?",
  "solana": "Quer entender sobre a integração com a Solana?",
  "contratos": "Posso te explicar sobre contratos inteligentes?",
  "financeiro": "Quer falar com o suporte financeiro?",
  "taxas": "Gostaria de saber sobre taxas e tarifas?",
  "painel": "Quer acessar o painel de controle?",
  "web3": "Posso te mostrar como funciona a AGROTM Web3?",
  "cases": "Quer ver nossos cases de sucesso?",
  "depoimentos": "Gostaria de visualizar depoimentos de clientes?",
  "certificações": "Deseja conhecer nossas certificações?",
  "vídeos": "Posso te indicar vídeos explicativos?",
  "investimento": "Quer saber mais sobre nossos produtos de investimento?",
  "agronegócio": "Posso te explicar como revolucionamos o agronegócio?",
  "blockchain agro": "Deseja entender como a blockchain transforma o agro?",
  "decentralização": "Quer aprender sobre descentralização no agro?",
  "transparência": "Gostaria de ver como garantimos transparência total?",
  "inovação": "Posso te mostrar nossas inovações tecnológicas?",
  "sustentabilidade": "Quer conhecer nossos projetos sustentáveis?",
  "produtores rurais": "Deseja saber como conectamos produtores rurais?",
  "compradores": "Quer entender como facilitamos a conexão com compradores?",
  "investidores": "Posso te explicar como atraímos investidores?",
  "tokenização": "Deseja aprender sobre tokenização de ativos agrícolas?",
  "smart contracts": "Quer entender como funcionam nossos contratos inteligentes?",
  "defi": "Posso te explicar sobre DeFi no agronegócio?",
  "yield farming": "Deseja saber mais sobre yield farming agrícola?",
  "liquidez": "Quer entender sobre pools de liquidez?",
  "governança": "Posso te explicar sobre governança descentralizada?",
  "votação": "Deseja participar das votações da comunidade?",
  "propostas": "Quer ver as propostas em votação?",
  "rewards": "Posso te explicar sobre o sistema de recompensas?",
  "apy": "Deseja saber sobre as taxas APY atuais?",
  "lock period": "Quer entender sobre períodos de lock?",
  "unstaking": "Posso te explicar sobre o processo de unstaking?",
  "harvest": "Deseja saber como fazer harvest das recompensas?",
  "compound": "Quer entender sobre compound de recompensas?",
  "impermanent loss": "Posso te explicar sobre impermanent loss?",
  "slippage": "Deseja saber sobre slippage nas transações?",
  "gas fees": "Quer entender sobre taxas de gas?",
  "network": "Posso te explicar sobre nossa rede?",
  "validators": "Deseja saber sobre nossos validators?",
  "consensus": "Quer entender sobre nosso mecanismo de consenso?",
  "block time": "Posso te explicar sobre tempo de bloco?",
  "finality": "Deseja saber sobre finalidade das transações?",
  "scalability": "Quer entender sobre escalabilidade?",
  "throughput": "Posso te explicar sobre throughput da rede?",
  "security audit": "Deseja ver nossos relatórios de auditoria?",
  "bug bounty": "Quer participar do programa de bug bounty?",
  "whitehat": "Posso te explicar sobre o programa whitehat?",
  "hackathon": "Deseja participar de nossos hackathons?",
  "developers": "Quer se tornar um desenvolvedor AGROTM?",
  "api": "Posso te mostrar nossa documentação de API?",
  "sdk": "Deseja baixar nosso SDK?",
  "github": "Quer ver nosso código no GitHub?",
  "documentation": "Posso te direcionar para nossa documentação?",
  "whitepaper": "Deseja ler nosso whitepaper?",
  "roadmap técnico": "Quer ver nosso roadmap técnico?",
  "updates": "Posso te mostrar as últimas atualizações?",
  "changelog": "Deseja ver o changelog completo?",
  "beta": "Quer testar nossas funcionalidades beta?",
  "testnet": "Deseja acessar nossa testnet?",
  "mainnet": "Posso te explicar sobre nossa mainnet?",
  "bridge": "Quer entender sobre nossa bridge?",
  "cross-chain": "Deseja saber sobre interoperabilidade cross-chain?",
  "multichain": "Posso te explicar sobre nossa estratégia multichain?",
  "layer 2": "Quer entender sobre soluções Layer 2?",
  "rollups": "Deseja saber sobre rollups?",
  "sidechains": "Posso te explicar sobre sidechains?",
  "sharding": "Quer entender sobre sharding?",
  "zk-proofs": "Deseja saber sobre zero-knowledge proofs?",
  "privacy": "Posso te explicar sobre privacidade?",
  "confidentiality": "Deseja saber sobre confidencialidade?",
  "anonymity": "Quer entender sobre anonimato?",
  "pseudonymity": "Posso te explicar sobre pseudonimato?",
  "encryption": "Deseja saber sobre criptografia?",
  "hashing": "Quer entender sobre funções hash?",
  "digital signatures": "Posso te explicar sobre assinaturas digitais?",
  "public key": "Deseja saber sobre criptografia de chave pública?",
  "private key": "Quer entender sobre chaves privadas?",
  "wallet": "Posso te explicar sobre carteiras digitais?",
  "hardware wallet": "Deseja saber sobre carteiras hardware?",
  "software wallet": "Quer entender sobre carteiras software?",
  "hot wallet": "Posso te explicar sobre hot wallets?",
  "cold wallet": "Deseja saber sobre cold wallets?",
  "seed phrase": "Quer entender sobre seed phrases?",
  "backup": "Posso te explicar sobre backup de carteiras?",
  "recovery": "Deseja saber sobre recuperação de carteiras?",
  "import": "Quer entender sobre importação de carteiras?",
  "export": "Posso te explicar sobre exportação de carteiras?",
  "address": "Deseja saber sobre endereços de carteira?",
  "balance": "Quer verificar seu saldo?",
  "transaction": "Posso te explicar sobre transações?",
  "block": "Deseja saber sobre blocos?",
  "blockchain explorer": "Quer usar nosso blockchain explorer?",
  "transaction hash": "Posso te explicar sobre hashes de transação?",
  "confirmations": "Deseja saber sobre confirmações?",
  "pending": "Quer entender sobre transações pendentes?",
  "failed": "Posso te explicar sobre transações falhadas?",
  "successful": "Deseja saber sobre transações bem-sucedidas?",
  "mempool": "Quer entender sobre mempool?",
  "network congestion": "Posso te explicar sobre congestionamento de rede?",
  "gas optimization": "Deseja saber sobre otimização de gas?",
  "batch transactions": "Quer entender sobre transações em lote?",
  "atomic swaps": "Posso te explicar sobre atomic swaps?",
  "cross-chain swaps": "Deseja saber sobre swaps cross-chain?",
  "liquidity pools": "Quer entender sobre pools de liquidez?",
  "automated market maker": "Posso te explicar sobre AMM?",
  "constant product": "Deseja saber sobre fórmula de produto constante?",
  "constant sum": "Quer entender sobre fórmula de soma constante?",
  "hybrid": "Posso te explicar sobre fórmulas híbridas?",
  "price impact": "Deseja saber sobre impacto no preço?",
  "slippage tolerance": "Quer entender sobre tolerância de slippage?",
  "price oracle": "Posso te explicar sobre oráculos de preço?",
  "chainlink": "Deseja saber sobre integração Chainlink?",
  "band protocol": "Quer entender sobre Band Protocol?",
  "pyth network": "Posso te explicar sobre Pyth Network?",
  "data feeds": "Deseja saber sobre feeds de dados?",
  "real-time data": "Quer entender sobre dados em tempo real?",
  "historical data": "Posso te explicar sobre dados históricos?",
  "analytics": "Deseja acessar nossos analytics?",
  "charts": "Quer ver nossos gráficos?",
  "metrics": "Posso te mostrar nossas métricas?",
  "kpis": "Deseja ver nossos KPIs?",
  "performance": "Quer entender sobre performance?",
  "efficiency": "Posso te explicar sobre eficiência?",
  "optimization": "Deseja saber sobre otimizações?",
  "scaling": "Quer entender sobre escalabilidade?",
  "growth": "Posso te mostrar nosso crescimento?",
  "adoption": "Deseja saber sobre adoção?",
  "community": "Quer fazer parte da nossa comunidade?",
  "social media": "Posso te mostrar nossas redes sociais?",
  "telegram": "Deseja entrar no nosso Telegram?",
  "discord": "Quer participar do nosso Discord?",
  "twitter": "Posso te mostrar nosso Twitter?",
  "youtube": "Deseja ver nossos vídeos no YouTube?",
  "blog": "Quer ler nosso blog?",
  "newsletter": "Posso te inscrever na nossa newsletter?",
  "events": "Deseja participar dos nossos eventos?",
  "webinars": "Quer assistir nossos webinars?",
  "conferences": "Posso te mostrar nossas conferências?",
  "meetups": "Deseja participar dos nossos meetups?",
  "workshops": "Quer participar dos nossos workshops?",
  "training": "Posso te oferecer treinamentos?",
  "certification": "Deseja obter certificação?",
  "courses": "Quer fazer nossos cursos?",
  "tutorials": "Posso te mostrar nossos tutoriais?",
  "guides": "Deseja ler nossos guias?",
  "faq": "Quer ver nossas perguntas frequentes?",
  "help center": "Posso te direcionar para o centro de ajuda?",
  "support ticket": "Deseja abrir um ticket de suporte?",
  "live chat": "Quer usar nosso chat ao vivo?",
  "phone support": "Posso te passar nosso telefone de suporte?",
  "email support": "Deseja enviar um email para suporte?",
  "priority support": "Quer ter suporte prioritário?",
  "vip support": "Posso te explicar sobre suporte VIP?",
  "enterprise support": "Deseja suporte empresarial?",
  "custom solutions": "Quer soluções customizadas?",
  "consulting": "Posso te oferecer consultoria?",
  "advisory": "Deseja serviços de advisory?",
  "partnership": "Quer ser nosso parceiro?",
  "affiliate": "Deseja ser nosso afiliado?",
  "referral": "Quer participar do programa de referência?",
  "ambassador": "Deseja ser nosso embaixador?",
  "influencer": "Quer ser nosso influenciador?",
  "content creator": "Deseja criar conteúdo para nós?",
  "developer": "Quer ser nosso desenvolvedor?",
  "designer": "Deseja ser nosso designer?",
  "marketer": "Quer trabalhar no nosso marketing?",
  "sales": "Deseja trabalhar nas vendas?",
  "customer success": "Quer trabalhar no sucesso do cliente?",
  "product": "Deseja trabalhar no produto?",
  "engineering": "Quer trabalhar na engenharia?",
  "research": "Deseja trabalhar na pesquisa?",
  "data science": "Quer trabalhar na ciência de dados?",
  "ai": "Deseja trabalhar com inteligência artificial?",
  "ml": "Quer trabalhar com machine learning?",
  "blockchain development": "Deseja trabalhar no desenvolvimento blockchain?",
  "smart contracts": "Quer trabalhar com contratos inteligentes?",
  "defi": "Deseja trabalhar com DeFi?",
  "nft": "Quer trabalhar com NFTs?",
  "gaming": "Deseja trabalhar com gaming?",
  "metaverse": "Quer trabalhar com metaverso?",
  "web3": "Deseja trabalhar com Web3?",
  "crypto": "Quer trabalhar com criptomoedas?",
  "trading": "Deseja trabalhar com trading?",
  "investment": "Quer trabalhar com investimentos?",
  "finance": "Deseja trabalhar com finanças?",
  "agriculture": "Quer trabalhar com agricultura?",
  "sustainability": "Deseja trabalhar com sustentabilidade?",
  "environment": "Quer trabalhar com meio ambiente?",
  "climate": "Deseja trabalhar com clima?",
  "carbon": "Quer trabalhar com carbono?",
  "renewable": "Deseja trabalhar com energias renováveis?",
  "energy": "Quer trabalhar com energia?",
  "logistics": "Deseja trabalhar com logística?",
  "supply chain": "Quer trabalhar com cadeia de suprimentos?",
  "traceability": "Deseja trabalhar com rastreabilidade?",
  "certification": "Quer trabalhar com certificação?",
  "compliance": "Deseja trabalhar com compliance?",
  "regulatory": "Quer trabalhar com regulamentação?",
  "legal": "Deseja trabalhar com aspectos legais?",
  "governance": "Quer trabalhar com governança?",
  "policy": "Deseja trabalhar com políticas?",
  "advocacy": "Quer trabalhar com advocacy?",
  "education": "Deseja trabalhar com educação?",
  "outreach": "Quer trabalhar com extensão?",
  "community building": "Deseja trabalhar com construção de comunidade?",
  "ecosystem": "Quer trabalhar com ecossistema?",
  "partnerships": "Deseja trabalhar com parcerias?",
  "business development": "Quer trabalhar com desenvolvimento de negócios?",
  "strategy": "Deseja trabalhar com estratégia?",
  "operations": "Quer trabalhar com operações?",
  "project management": "Deseja trabalhar com gestão de projetos?",
  "product management": "Quer trabalhar com gestão de produtos?",
  "program management": "Deseja trabalhar com gestão de programas?",
  "portfolio management": "Quer trabalhar com gestão de portfólio?",
  "risk management": "Deseja trabalhar com gestão de riscos?",
  "compliance management": "Quer trabalhar com gestão de compliance?",
  "quality assurance": "Deseja trabalhar com garantia de qualidade?",
  "testing": "Quer trabalhar com testes?",
  "security": "Deseja trabalhar com segurança?",
  "audit": "Quer trabalhar com auditoria?",
  "monitoring": "Deseja trabalhar com monitoramento?",
  "analytics": "Quer trabalhar com analytics?",
  "data": "Deseja trabalhar com dados?",
  "insights": "Quer trabalhar com insights?",
  "intelligence": "Deseja trabalhar com inteligência?",
  "automation": "Quer trabalhar com automação?",
  "optimization": "Deseja trabalhar com otimização?",
  "efficiency": "Quer trabalhar com eficiência?",
  "performance": "Deseja trabalhar com performance?",
  "scalability": "Quer trabalhar com escalabilidade?",
  "reliability": "Deseja trabalhar com confiabilidade?",
  "availability": "Quer trabalhar com disponibilidade?",
  "resilience": "Deseja trabalhar com resiliência?",
  "recovery": "Quer trabalhar com recuperação?",
  "backup": "Deseja trabalhar com backup?",
  "disaster recovery": "Quer trabalhar com recuperação de desastres?",
  "business continuity": "Deseja trabalhar com continuidade de negócios?",
  "change management": "Quer trabalhar com gestão de mudanças?",
  "transformation": "Deseja trabalhar com transformação?",
  "innovation": "Quer trabalhar com inovação?",
  "research and development": "Deseja trabalhar com pesquisa e desenvolvimento?",
  "technology": "Quer trabalhar com tecnologia?",
  "digital": "Deseja trabalhar com transformação digital?",
  "automation": "Quer trabalhar com automação?",
  "artificial intelligence": "Deseja trabalhar com inteligência artificial?",
  "machine learning": "Quer trabalhar com machine learning?",
  "deep learning": "Deseja trabalhar com deep learning?",
  "neural networks": "Quer trabalhar com redes neurais?",
  "computer vision": "Deseja trabalhar com visão computacional?",
  "natural language processing": "Quer trabalhar com processamento de linguagem natural?",
  "robotics": "Deseja trabalhar com robótica?",
  "internet of things": "Quer trabalhar com internet das coisas?",
  "edge computing": "Deseja trabalhar com edge computing?",
  "cloud computing": "Quer trabalhar com computação em nuvem?",
  "distributed systems": "Deseja trabalhar com sistemas distribuídos?",
  "microservices": "Quer trabalhar com microserviços?",
  "api development": "Deseja trabalhar com desenvolvimento de APIs?",
  "backend development": "Quer trabalhar com desenvolvimento backend?",
  "frontend development": "Deseja trabalhar com desenvolvimento frontend?",
  "full stack development": "Quer trabalhar com desenvolvimento full stack?",
  "mobile development": "Deseja trabalhar com desenvolvimento mobile?",
  "web development": "Quer trabalhar com desenvolvimento web?",
  "game development": "Deseja trabalhar com desenvolvimento de jogos?",
  "blockchain development": "Quer trabalhar com desenvolvimento blockchain?",
  "smart contract development": "Deseja trabalhar com desenvolvimento de contratos inteligentes?",
  "defi development": "Quer trabalhar com desenvolvimento DeFi?",
  "nft development": "Deseja trabalhar com desenvolvimento de NFTs?",
  "dapp development": "Quer trabalhar com desenvolvimento de dApps?",
  "protocol development": "Deseja trabalhar com desenvolvimento de protocolos?",
  "infrastructure development": "Quer trabalhar com desenvolvimento de infraestrutura?",
  "devops": "Deseja trabalhar com DevOps?",
  "site reliability engineering": "Quer trabalhar com engenharia de confiabilidade de sites?",
  "platform engineering": "Deseja trabalhar com engenharia de plataforma?",
  "data engineering": "Quer trabalhar com engenharia de dados?",
  "mlops": "Deseja trabalhar com MLOps?",
  "aiops": "Quer trabalhar com AIOps?",
  "gitops": "Deseja trabalhar com GitOps?",
  "infrastructure as code": "Quer trabalhar com infraestrutura como código?",
  "containerization": "Deseja trabalhar com containerização?",
  "orchestration": "Quer trabalhar com orquestração?",
  "kubernetes": "Deseja trabalhar com Kubernetes?",
  "docker": "Quer trabalhar com Docker?",
  "terraform": "Deseja trabalhar com Terraform?",
  "ansible": "Quer trabalhar com Ansible?",
  "jenkins": "Deseja trabalhar com Jenkins?",
  "gitlab": "Quer trabalhar com GitLab?",
  "github": "Deseja trabalhar com GitHub?",
  "bitbucket": "Quer trabalhar com Bitbucket?",
  "jira": "Deseja trabalhar com Jira?",
  "confluence": "Quer trabalhar com Confluence?",
  "slack": "Deseja trabalhar com Slack?",
  "microsoft teams": "Quer trabalhar com Microsoft Teams?",
  "zoom": "Deseja trabalhar com Zoom?",
  "webex": "Quer trabalhar com WebEx?",
  "google meet": "Deseja trabalhar com Google Meet?",
  "discord": "Quer trabalhar com Discord?",
  "telegram": "Deseja trabalhar com Telegram?",
  "whatsapp": "Quer trabalhar com WhatsApp?",
  "signal": "Deseja trabalhar com Signal?",
  "matrix": "Quer trabalhar com Matrix?",
  "mattermost": "Deseja trabalhar com Mattermost?",
  "rocket chat": "Quer trabalhar com Rocket.Chat?",
  "zulip": "Deseja trabalhar com Zulip?",
  "element": "Quer trabalhar com Element?",
  "wire": "Deseja trabalhar com Wire?",
  "threema": "Quer trabalhar com Threema?",
  "session": "Deseja trabalhar com Session?",
  "briar": "Quer trabalhar com Briar?",
  "tox": "Deseja trabalhar com Tox?",
  "ring": "Quer trabalhar com Ring?",
  "jami": "Deseja trabalhar com Jami?",
  "retroshare": "Quer trabalhar com RetroShare?",
  "gnunet": "Deseja trabalhar com GNUnet?",
  "freenet": "Quer trabalhar com Freenet?",
  "tor": "Deseja trabalhar com Tor?",
  "i2p": "Quer trabalhar com I2P?",
  "zeronet": "Deseja trabalhar com ZeroNet?",
  "ipfs": "Quer trabalhar com IPFS?",
  "filecoin": "Deseja trabalhar com Filecoin?",
  "arweave": "Quer trabalhar com Arweave?",
  "sia": "Deseja trabalhar com Sia?",
  "storj": "Quer trabalhar com Storj?",
  "swarm": "Deseja trabalhar com Swarm?",
  "orbitdb": "Quer trabalhar com OrbitDB?",
  "gun": "Deseja trabalhar com Gun?",
  "scuttlebutt": "Quer trabalhar com Scuttlebutt?",
  "secure scuttlebutt": "Deseja trabalhar com Secure Scuttlebutt?",
  "patchwork": "Quer trabalhar com Patchwork?",
  "manyverse": "Deseja trabalhar com Manyverse?",
  "cabaltalk": "Quer trabalhar com Cabal?",
  "hypercore": "Deseja trabalhar com Hypercore?",
  "hyperdrive": "Quer trabalhar com Hyperdrive?",
  "dat": "Deseja trabalhar com Dat?",
  "beaker browser": "Quer trabalhar com Beaker Browser?",
  "brave browser": "Deseja trabalhar com Brave Browser?",
  "ungoogled chromium": "Quer trabalhar com Ungoogled Chromium?",
  "firefox": "Deseja trabalhar com Firefox?",
  "librewolf": "Quer trabalhar com LibreWolf?",
  "waterfox": "Deseja trabalhar com Waterfox?",
  "pale moon": "Quer trabalhar com Pale Moon?",
  "basilisk": "Deseja trabalhar com Basilisk?",
  "seamonkey": "Quer trabalhar com SeaMonkey?",
  "netsurf": "Deseja trabalhar com NetSurf?",
  "dillo": "Quer trabalhar com Dillo?",
  "links": "Deseja trabalhar com Links?",
  "lynx": "Quer trabalhar com Lynx?",
  "w3m": "Deseja trabalhar com w3m?",
  "elinks": "Quer trabalhar com ELinks?",
  "browsh": "Deseja trabalhar com Browsh?",
  "terminal browser": "Quer trabalhar com navegadores de terminal?",
  "text browser": "Deseja trabalhar com navegadores de texto?",
  "headless browser": "Quer trabalhar com navegadores headless?",
  "webdriver": "Deseja trabalhar com WebDriver?",
  "selenium": "Quer trabalhar com Selenium?",
  "puppeteer": "Deseja trabalhar com Puppeteer?",
  "playwright": "Quer trabalhar com Playwright?",
  "cypress": "Deseja trabalhar com Cypress?",
  "jest": "Quer trabalhar com Jest?",
  "mocha": "Deseja trabalhar com Mocha?",
  "chai": "Quer trabalhar com Chai?",
  "sinon": "Deseja trabalhar com Sinon?",
  "enzyme": "Quer trabalhar com Enzyme?",
  "testing library": "Deseja trabalhar com Testing Library?",
  "vitest": "Quer trabalhar com Vitest?",
  "playwright test": "Deseja trabalhar com Playwright Test?",
  "cypress test": "Quer trabalhar com Cypress Test?",
  "selenium test": "Deseja trabalhar com Selenium Test?",
  "puppeteer test": "Quer trabalhar com Puppeteer Test?",
  "jest test": "Deseja trabalhar com Jest Test?",
  "mocha test": "Quer trabalhar com Mocha Test?",
  "chai test": "Deseja trabalhar com Chai Test?",
  "sinon test": "Quer trabalhar com Sinon Test?",
  "enzyme test": "Deseja trabalhar com Enzyme Test?",
  "testing library test": "Quer trabalhar com Testing Library Test?",
  "vitest test": "Deseja trabalhar com Vitest Test?",
  "playwright test test": "Quer trabalhar com Playwright Test Test?",
  "cypress test test": "Deseja trabalhar com Cypress Test Test?",
  "selenium test test": "Quer trabalhar com Selenium Test Test?",
  "puppeteer test test": "Deseja trabalhar com Puppeteer Test Test?",
  "jest test test": "Quer trabalhar com Jest Test Test?",
  "mocha test test": "Deseja trabalhar com Mocha Test Test?",
  "chai test test": "Quer trabalhar com Chai Test Test?",
  "sinon test test": "Deseja trabalhar com Sinon Test Test?",
  "enzyme test test": "Quer trabalhar com Enzyme Test Test?",
  "testing library test test": "Deseja trabalhar com Testing Library Test Test?",
  "vitest test test": "Quer trabalhar com Vitest Test Test?"
} 